[
  {
    "score": "아주 좋아요",
    "data": "11월8일",
    "type": "건성",
    "name": "가나다",
    "review":"클렌징 밤을 많이는 써보지 않았지만 몇개는 써봤습니다 요놈이 최고네요",
    "image": "https://assets1.cre.ma/p/irecipe-com/reviews/00/00/00/38/84/image1/portrait_49f599406252f7d6.jpg"
  },
  {
    "score": "아주 좋아요",
    "data": "11월11일",
    "type": "건성",
    "name": "도라에몽",
    "review": "그냥별로에요 ,아주 좋아요",
    "image": "https://assets1.cre.ma/p/irecipe-com/reviews/00/00/00/40/09/image1/portrait_f79b3cbb1789b0b2.jpg"
  },
  {
    "score": "아주 좋아요",
    "data": "11월11일",
    "type": "건성",
    "name": "노진구",
    "review": "그냥별로에요",
    "image": "https://assets1.cre.ma/p/irecipe-com/reviews/00/00/00/38/84/image1/portrait_49f599406252f7d6.jpg"
  },
  {
    "score": "아주 좋아요",
    "data": "11월11일",
    "type": "건성",
    "name": "짱구",
    "review": "그냥별로에요",
    "image": "https://assets1.cre.ma/p/irecipe-com/reviews/00/00/00/39/25/image1/portrait_1fd1aea15e9682b3.jpg"
  },
  {
    "score": "아주 좋아요",
    "data": "11월11일",
    "type": "건성",
    "name": "가나다",
    "review": "그냥별로에요",
    "image": "https://assets1.cre.ma/p/irecipe-com/reviews/00/00/00/40/73/image1/portrait_17ab7da8287531e7.jpg"
  },
  {
    "score": "아주 좋아요",
    "data": "11월11일",
    "type": "건성",
    "name": "도라에몽",
    "review": "그냥별로에요",
    "image": "https://assets1.cre.ma/p/irecipe-com/reviews/00/00/00/40/09/image1/portrait_f79b3cbb1789b0b2.jpg"
  },
  {
    "score": "아주 좋아요",
    "data": "11월11일",
    "type": "건성",
    "name": "노진구",
    "review": "그냥별로에요",
    "image": "https://assets1.cre.ma/p/irecipe-com/reviews/00/00/00/38/84/image1/portrait_49f599406252f7d6.jpg"
  },
  {
    "score": "아주 좋아요",
    "data": "11월11일",
    "type": "건성",
    "name": "짱구",
    "review": "그냥별로에요",
    "image": "https://assets1.cre.ma/p/irecipe-com/reviews/00/00/00/39/25/image1/portrait_1fd1aea15e9682b3.jpg"
  },
  {
    "score": "아주 좋아요",
    "data": "11월11일",
    "type": "건성",
    "name": "가나다",
    "review": "그냥별로에요",
    "image": "https://assets1.cre.ma/p/irecipe-com/reviews/00/00/00/40/73/image1/portrait_17ab7da8287531e7.jpg"
  },
  {
    "score": "아주 좋아요",
    "data": "11월11일",
    "type": "건성",
    "name": "도라에몽",
    "review": "그냥별로에요",
    "image": "https://assets1.cre.ma/p/irecipe-com/reviews/00/00/00/40/09/image1/portrait_f79b3cbb1789b0b2.jpg"
  },
  {
    "score": "아주 좋아요",
    "data": "11월11일",
    "type": "건성",
    "name": "노진구",
    "review": "그냥별로에요",
    "image": "https://assets1.cre.ma/p/irecipe-com/reviews/00/00/00/38/84/image1/portrait_49f599406252f7d6.jpg"
  },
  {
    "score": "아주 좋아요",
    "data": "11월11일",
    "type": "건성",
    "name": "짱구",
    "review": "그냥별로에요",
    "image": "https://assets1.cre.ma/p/irecipe-com/reviews/00/00/00/39/25/image1/portrait_1fd1aea15e9682b3.jpg"
  }
]