[
  {
    "name": "[그린을 고르다] 아침부터 상쾌한 바디로션",
    "path": "https://github.com/miunseol/TheGreen/blob/d41b4c4f87cce3e6bd52a93a6d773c3f8418019a/src/assets/product_detail.png?raw=true",
    "price": 19200
  },
  {
    "name": "[NEW] 세라마이드 유자 힐링 클렌징 밤",
    "path": "https://irecipe.com/web/product/big/202312/e9a74467a95a075c5dcc08ef06dbe08e.png",
    "price": 19200
  },
  {
    "name": "[온전히지구] 그대로수세미 (압착형)",
    "path": "https://onlyeco.co.kr/web/product/big/202202/3633e772f98495ab2de0880ebc6980d0.jpg",
    "price": 1800
  },
  {
    "name": "[자연상점] 자상한 농부 설거지비누(단품)",
    "path": "https://onlyeco.co.kr/web/product/big/202106/3a61cf8a14921d0faabd0b668d000a7c.jpg",
    "price": 6000
  },
  {
    "name": "[지구나무] 신문지 업사이클링 연필(5개입)",
    "path": "https://onlyeco.co.kr/web/product/big/202202/76b65fd2f9701b68afde926f4e733424.gif",
    "price": 3000
  },
  {
    "name": "[넬리]코코넛수세미(2개입)",
    "path": "https://onlyeco.co.kr/web/product/big/202105/88c51018e6b56e2http://localhost:8080/category/BEST#320a445c87451fe1f.jpg",
    "price": 2500
  },
  {
    "name": "[자연상점] 동그라미 고체치약 (30정)",
    "path": "https://onlyeco.co.kr/web/product/big/202209/f113b56c0aee07f52a694544037418d6.jpg",
    "price": 4500
  },
  {
    "name": "[슈가랩] 사탕수수로 만든 지퍼백(중)",
    "path": "https://onlyeco.co.kr/web/product/big/202011/05212a1ffd1e5f489c7ce811e20ab27c.jpg",
    "price": 2200
  },
  {
    "name": "[슈가랩] 사탕수수로만든 위생장갑 (50매)",
    "path": "https://onlyeco.co.kr/web/product/big/202011/a50b0397855aab9b44a0d4f4e22123f9.jpg",
    "price": 2200
  },
  {
    "name": "[지구나무] A5 재생지 노트(유선)",
    "path": "https://onlyeco.co.kr/web/product/big/202202/e6b5af5305eef06b1cf7498d9b070cfc.png",
    "price": 1500
  },
  {
    "name": "[프린텍]재생지포스트잇 세로형 100매",
    "path": "https://onlyeco.co.kr/web/product/big/202011/7b2f8f4ff73c2c52e4d145320f2811d4.jpg",
    "price": 1600
  },
  {
    "name": "[슈가랩] 사탕수수로 만든 에코롤백",
    "path": "https://onlyeco.co.kr/web/product/big/202011/c5507b05ad22f150b49c737bb27a6989.jpg",
    "price": 6000
  },
  {
    "name": "[필링빈] 바리스타스 클렌징솝(세안비누)",
    "path": "https://onlyeco.co.kr/web/product/big/202203/bd73ba69b9e51d8d709d8fddbd3ae17b.jpg",
    "price": 3900
  },
  {
    "name": "[나누] 대나무 캠핑 수저세트",
    "path": "https://onlyeco.co.kr/web/product/big/202204/77b7ba03cccc573c88a351f560129ac1.jpg",
    "price": 9800
  },
  {
    "name": "[지구나무] 잔가지볼펜(크라프트케이스)",
    "path": "https://onlyeco.co.kr/web/product/big/202309/f927735c73c253dc6fa5e12606c5ca22.jpg",
    "price": 2500
  },
  {
    "name": "[지구나무] 페이퍼연필4개입 (크라프트/영자신문)",
    "path": "https://onlyeco.co.kr/web/product/big/202202/17ce96396d0c27bbe0657bd0aa8af744.jpg",
    "price": 2800
  },
  {
    "name": "[자연상점] 자상한 농부 설거지비누 세트",
    "path": "https://onlyeco.co.kr/web/product/big/202106/2261c03c9a316dd3661788844ba4f252.jpg",
    "price": 22000
  },
  {
    "name": "[탄소창고] 소담텀블러",
    "path": "https://onlyeco.co.kr/web/product/big/202309/aa71e81b526fc3eca970951a91eb0412.png",
    "price": 12000
  },
  {
    "name": "[지구나무] 시나브로 재생지 노트(B5)",
    "path": "https://onlyeco.co.kr/web/product/big/202202/11022c7d389e4c681253e11a25292eb0.gif",
    "price": 3000
  },
  {
    "name": "[닥터노아] 고체치약",
    "path": "https://onlyeco.co.kr/web/product/big/202306/d40447ac83d40bb25571d512ac15006c.jpg",
    "price": 5900
  },
  {
    "name": "[러버랩] 천연라텍스 고무장갑",
    "path": "https://onlyeco.co.kr/web/product/big/202203/39eb5240703f97902c5bf55b092a4176.jpg",
    "price": 3000
  },
  {
    "name": "[러버랩] 천연라텍스 고무장갑",
    "path": "https://onlyeco.co.kr/web/product/big/202203/39eb5240703f97902c5bf55b092a4176.jpg",
    "price": 3000
  },
  {
    "name": "[러버랩] 천연라텍스 고무장갑",
    "path": "https://onlyeco.co.kr/web/product/big/202203/39eb5240703f97902c5bf55b092a4176.jpg",
    "price": 3000
  },
  {
    "name": "[러버랩] 천연라텍스 고무장갑",
    "path": "https://onlyeco.co.kr/web/product/big/202203/39eb5240703f97902c5bf55b092a4176.jpg",
    "price": 3000
  },
  {
    "name": "[러버랩] 천연라텍스 고무장갑",
    "path": "https://onlyeco.co.kr/web/product/big/202203/39eb5240703f97902c5bf55b092a4176.jpg",
    "price": 3000
  },
  {
    "name": "[러버랩] 천연라텍스 고무장갑",
    "path": "https://onlyeco.co.kr/web/product/big/202203/39eb5240703f97902c5bf55b092a4176.jpg",
    "price": 3000
  },
  {
    "name": "[러버랩] 천연라텍스 고무장갑",
    "path": "https://onlyeco.co.kr/web/product/big/202203/39eb5240703f97902c5bf55b092a4176.jpg",
    "price": 3000
  },
  {
    "name": "[러버랩] 천연라텍스 고무장갑",
    "path": "https://onlyeco.co.kr/web/product/big/202203/39eb5240703f97902c5bf55b092a4176.jpg",
    "price": 3000
  },
  {
    "name": "[러버랩] 천연라텍스 고무장갑",
    "path": "https://onlyeco.co.kr/web/product/big/202203/39eb5240703f97902c5bf55b092a4176.jpg",
    "price": 3000
  },
  {
    "name": "[러버랩] 천연라텍스 고무장갑",
    "path": "https://onlyeco.co.kr/web/product/big/202203/39eb5240703f97902c5bf55b092a4176.jpg",
    "price": 3000
  },
  {
    "name": "[러버랩] 천연라텍스 고무장갑",
    "path": "https://onlyeco.co.kr/web/product/big/202203/39eb5240703f97902c5bf55b092a4176.jpg",
    "price": 3000
  },
  {
    "name": "[러버랩] 천연라텍스 고무장갑",
    "path": "https://onlyeco.co.kr/web/product/big/202203/39eb5240703f97902c5bf55b092a4176.jpg",
    "price": 3000
  },
  {
    "name": "[러버랩] 천연라텍스 고무장갑",
    "path": "https://onlyeco.co.kr/web/product/big/202203/39eb5240703f97902c5bf55b092a4176.jpg",
    "price": 3000
  },
  {
    "name": "[러버랩] 천연라텍스 고무장갑",
    "path": "https://onlyeco.co.kr/web/product/big/202203/39eb5240703f97902c5bf55b092a4176.jpg",
    "price": 3000
  },
  {
    "name": "[러버랩] 천연라텍스 고무장갑",
    "path": "https://onlyeco.co.kr/web/product/big/202203/39eb5240703f97902c5bf55b092a4176.jpg",
    "price": 3000
  },
  {
    "name": "[러버랩] 천연라텍스 고무장갑",
    "path": "https://onlyeco.co.kr/web/product/big/202203/39eb5240703f97902c5bf55b092a4176.jpg",
    "price": 3000
  },
  {
    "name": "[러버랩] 천연라텍스 고무장갑",
    "path": "https://onlyeco.co.kr/web/product/big/202203/39eb5240703f97902c5bf55b092a4176.jpg",
    "price": 3000
  },
  {
    "name": "[러버랩] 천연라텍스 고무장갑",
    "path": "https://onlyeco.co.kr/web/product/big/202203/39eb5240703f97902c5bf55b092a4176.jpg",
    "price": 3000
  },
  {
    "name": "[러버랩] 천연라텍스 고무장갑",
    "path": "https://onlyeco.co.kr/web/product/big/202203/39eb5240703f97902c5bf55b092a4176.jpg",
    "price": 3000
  },
  {
    "name": "[러버랩] 천연라텍스 고무장갑",
    "path": "https://onlyeco.co.kr/web/product/big/202203/39eb5240703f97902c5bf55b092a4176.jpg",
    "price": 3000
  }
]